"Time_point","gene","cell_line","guide","replicate","value","biotype"
0,"PPIA.TR1","H1975","g1","R1",0.5519547,"Protein-coding gene"
6,"PPIA.TR1","H1975","g1","R1",0.783103,"Protein-coding gene"
12,"PPIA.TR1","H1975","g1","R1",1,"Protein-coding gene"
18,"PPIA.TR1","H1975","g1","R1",1.154062,"Protein-coding gene"
24,"PPIA.TR1","H1975","g1","R1",1.172884,"Protein-coding gene"
30,"PPIA.TR1","H1975","g1","R1",1.18656,"Protein-coding gene"
36,"PPIA.TR1","H1975","g1","R1",1.22584,"Protein-coding gene"
42,"PPIA.TR1","H1975","g1","R1",1.166612,"Protein-coding gene"
48,"PPIA.TR1","H1975","g1","R1",1.180472,"Protein-coding gene"
54,"PPIA.TR1","H1975","g1","R1",1.321533,"Protein-coding gene"
60,"PPIA.TR1","H1975","g1","R1",1.493142,"Protein-coding gene"
66,"PPIA.TR1","H1975","g1","R1",1.631586,"Protein-coding gene"
72,"PPIA.TR1","H1975","g1","R1",1.723934,"Protein-coding gene"
78,"PPIA.TR1","H1975","g1","R1",1.917306,"Protein-coding gene"
84,"PPIA.TR1","H1975","g1","R1",1.993753,"Protein-coding gene"
90,"PPIA.TR1","H1975","g1","R1",2.052991,"Protein-coding gene"
0,"PPIA.TR1","H1975","g1","R2",0.5561209,"Protein-coding gene"
6,"PPIA.TR1","H1975","g1","R2",0.7601106,"Protein-coding gene"
12,"PPIA.TR1","H1975","g1","R2",1,"Protein-coding gene"
18,"PPIA.TR1","H1975","g1","R2",1.220589,"Protein-coding gene"
24,"PPIA.TR1","H1975","g1","R2",1.342889,"Protein-coding gene"
30,"PPIA.TR1","H1975","g1","R2",1.409041,"Protein-coding gene"
36,"PPIA.TR1","H1975","g1","R2",1.435747,"Protein-coding gene"
42,"PPIA.TR1","H1975","g1","R2",1.465084,"Protein-coding gene"
48,"PPIA.TR1","H1975","g1","R2",1.510983,"Protein-coding gene"
54,"PPIA.TR1","H1975","g1","R2",1.524485,"Protein-coding gene"
60,"PPIA.TR1","H1975","g1","R2",1.569433,"Protein-coding gene"
66,"PPIA.TR1","H1975","g1","R2",1.579312,"Protein-coding gene"
72,"PPIA.TR1","H1975","g1","R2",1.632638,"Protein-coding gene"
78,"PPIA.TR1","H1975","g1","R2",1.640291,"Protein-coding gene"
84,"PPIA.TR1","H1975","g1","R2",1.689584,"Protein-coding gene"
90,"PPIA.TR1","H1975","g1","R2",1.716127,"Protein-coding gene"
0,"PPIA.TR1","H1975","g2","R1",0.5041816,"Protein-coding gene"
6,"PPIA.TR1","H1975","g2","R1",0.7209525,"Protein-coding gene"
12,"PPIA.TR1","H1975","g2","R1",1,"Protein-coding gene"
18,"PPIA.TR1","H1975","g2","R1",1.32208,"Protein-coding gene"
24,"PPIA.TR1","H1975","g2","R1",1.638824,"Protein-coding gene"
30,"PPIA.TR1","H1975","g2","R1",1.947084,"Protein-coding gene"
36,"PPIA.TR1","H1975","g2","R1",2.179801,"Protein-coding gene"
42,"PPIA.TR1","H1975","g2","R1",2.46877,"Protein-coding gene"
48,"PPIA.TR1","H1975","g2","R1",2.866067,"Protein-coding gene"
54,"PPIA.TR1","H1975","g2","R1",3.197961,"Protein-coding gene"
60,"PPIA.TR1","H1975","g2","R1",3.403299,"Protein-coding gene"
66,"PPIA.TR1","H1975","g2","R1",3.602277,"Protein-coding gene"
72,"PPIA.TR1","H1975","g2","R1",3.786086,"Protein-coding gene"
78,"PPIA.TR1","H1975","g2","R1",3.969888,"Protein-coding gene"
84,"PPIA.TR1","H1975","g2","R1",4.202311,"Protein-coding gene"
90,"PPIA.TR1","H1975","g2","R1",4.341264,"Protein-coding gene"
0,"PPIA.TR1","H1975","g2","R2",0.4613045,"Protein-coding gene"
6,"PPIA.TR1","H1975","g2","R2",0.7026411,"Protein-coding gene"
12,"PPIA.TR1","H1975","g2","R2",1,"Protein-coding gene"
18,"PPIA.TR1","H1975","g2","R2",1.317147,"Protein-coding gene"
24,"PPIA.TR1","H1975","g2","R2",1.65047,"Protein-coding gene"
30,"PPIA.TR1","H1975","g2","R2",1.955742,"Protein-coding gene"
36,"PPIA.TR1","H1975","g2","R2",2.133624,"Protein-coding gene"
42,"PPIA.TR1","H1975","g2","R2",2.503711,"Protein-coding gene"
48,"PPIA.TR1","H1975","g2","R2",2.817037,"Protein-coding gene"
54,"PPIA.TR1","H1975","g2","R2",3.075881,"Protein-coding gene"
60,"PPIA.TR1","H1975","g2","R2",3.378911,"Protein-coding gene"
66,"PPIA.TR1","H1975","g2","R2",3.60051,"Protein-coding gene"
72,"PPIA.TR1","H1975","g2","R2",3.923509,"Protein-coding gene"
78,"PPIA.TR1","H1975","g2","R2",4.144928,"Protein-coding gene"
84,"PPIA.TR1","H1975","g2","R2",4.342707,"Protein-coding gene"
90,"PPIA.TR1","H1975","g2","R2",4.584644,"Protein-coding gene"
0,"PPIA.TR1","H1975","g3","R1",0.5531886,"Protein-coding gene"
6,"PPIA.TR1","H1975","g3","R1",0.7260407,"Protein-coding gene"
12,"PPIA.TR1","H1975","g3","R1",1,"Protein-coding gene"
18,"PPIA.TR1","H1975","g3","R1",1.199186,"Protein-coding gene"
24,"PPIA.TR1","H1975","g3","R1",1.354123,"Protein-coding gene"
30,"PPIA.TR1","H1975","g3","R1",1.46977,"Protein-coding gene"
36,"PPIA.TR1","H1975","g3","R1",1.558519,"Protein-coding gene"
42,"PPIA.TR1","H1975","g3","R1",1.658657,"Protein-coding gene"
48,"PPIA.TR1","H1975","g3","R1",1.718099,"Protein-coding gene"
54,"PPIA.TR1","H1975","g3","R1",1.79853,"Protein-coding gene"
60,"PPIA.TR1","H1975","g3","R1",1.868561,"Protein-coding gene"
66,"PPIA.TR1","H1975","g3","R1",2.014531,"Protein-coding gene"
72,"PPIA.TR1","H1975","g3","R1",2.039172,"Protein-coding gene"
78,"PPIA.TR1","H1975","g3","R1",2.08578,"Protein-coding gene"
84,"PPIA.TR1","H1975","g3","R1",2.118124,"Protein-coding gene"
90,"PPIA.TR1","H1975","g3","R1",2.162697,"Protein-coding gene"
0,"PPIA.TR1","H1975","g3","R2",0.5155714,"Protein-coding gene"
6,"PPIA.TR1","H1975","g3","R2",0.7122082,"Protein-coding gene"
12,"PPIA.TR1","H1975","g3","R2",1,"Protein-coding gene"
18,"PPIA.TR1","H1975","g3","R2",1.132237,"Protein-coding gene"
24,"PPIA.TR1","H1975","g3","R2",1.226126,"Protein-coding gene"
30,"PPIA.TR1","H1975","g3","R2",1.350582,"Protein-coding gene"
36,"PPIA.TR1","H1975","g3","R2",1.41289,"Protein-coding gene"
42,"PPIA.TR1","H1975","g3","R2",1.465302,"Protein-coding gene"
48,"PPIA.TR1","H1975","g3","R2",1.515958,"Protein-coding gene"
54,"PPIA.TR1","H1975","g3","R2",1.613787,"Protein-coding gene"
60,"PPIA.TR1","H1975","g3","R2",1.742076,"Protein-coding gene"
66,"PPIA.TR1","H1975","g3","R2",1.75391,"Protein-coding gene"
72,"PPIA.TR1","H1975","g3","R2",1.871485,"Protein-coding gene"
78,"PPIA.TR1","H1975","g3","R2",1.915854,"Protein-coding gene"
84,"PPIA.TR1","H1975","g3","R2",1.971076,"Protein-coding gene"
90,"PPIA.TR1","H1975","g3","R2",2.073521,"Protein-coding gene"
0,"RPS16","H1975","g1","R1",0.4994976,"CEG"
6,"RPS16","H1975","g1","R1",0.6873624,"CEG"
12,"RPS16","H1975","g1","R1",1,"CEG"
18,"RPS16","H1975","g1","R1",1.285439,"CEG"
24,"RPS16","H1975","g1","R1",1.512844,"CEG"
30,"RPS16","H1975","g1","R1",1.698027,"CEG"
36,"RPS16","H1975","g1","R1",1.904602,"CEG"
42,"RPS16","H1975","g1","R1",1.999681,"CEG"
48,"RPS16","H1975","g1","R1",2.199698,"CEG"
54,"RPS16","H1975","g1","R1",2.504694,"CEG"
60,"RPS16","H1975","g1","R1",2.868097,"CEG"
66,"RPS16","H1975","g1","R1",3.28278,"CEG"
72,"RPS16","H1975","g1","R1",3.695493,"CEG"
78,"RPS16","H1975","g1","R1",4.143356,"CEG"
84,"RPS16","H1975","g1","R1",4.616158,"CEG"
90,"RPS16","H1975","g1","R1",4.923065,"CEG"
0,"RPS16","H1975","g1","R2",0.5100213,"CEG"
6,"RPS16","H1975","g1","R2",0.7001603,"CEG"
12,"RPS16","H1975","g1","R2",1,"CEG"
18,"RPS16","H1975","g1","R2",1.254908,"CEG"
24,"RPS16","H1975","g1","R2",1.536603,"CEG"
30,"RPS16","H1975","g1","R2",1.606797,"CEG"
36,"RPS16","H1975","g1","R2",1.647354,"CEG"
42,"RPS16","H1975","g1","R2",1.806916,"CEG"
48,"RPS16","H1975","g1","R2",1.971851,"CEG"
54,"RPS16","H1975","g1","R2",2.191025,"CEG"
60,"RPS16","H1975","g1","R2",2.488288,"CEG"
66,"RPS16","H1975","g1","R2",2.798785,"CEG"
72,"RPS16","H1975","g1","R2",3.204159,"CEG"
78,"RPS16","H1975","g1","R2",3.550564,"CEG"
84,"RPS16","H1975","g1","R2",4.024081,"CEG"
90,"RPS16","H1975","g1","R2",4.312335,"CEG"
0,"RPS16","H1975","g2","R1",0.5182338,"CEG"
6,"RPS16","H1975","g2","R1",0.7406186,"CEG"
12,"RPS16","H1975","g2","R1",1,"CEG"
18,"RPS16","H1975","g2","R1",1.200163,"CEG"
24,"RPS16","H1975","g2","R1",1.324186,"CEG"
30,"RPS16","H1975","g2","R1",1.433766,"CEG"
36,"RPS16","H1975","g2","R1",1.494824,"CEG"
42,"RPS16","H1975","g2","R1",1.554816,"CEG"
48,"RPS16","H1975","g2","R1",1.704288,"CEG"
54,"RPS16","H1975","g2","R1",1.714209,"CEG"
60,"RPS16","H1975","g2","R1",1.893018,"CEG"
66,"RPS16","H1975","g2","R1",1.987261,"CEG"
72,"RPS16","H1975","g2","R1",2.190452,"CEG"
78,"RPS16","H1975","g2","R1",2.31395,"CEG"
84,"RPS16","H1975","g2","R1",2.353975,"CEG"
90,"RPS16","H1975","g2","R1",2.387568,"CEG"
0,"RPS16","H1975","g2","R2",0.4704871,"CEG"
6,"RPS16","H1975","g2","R2",0.7114973,"CEG"
12,"RPS16","H1975","g2","R2",1,"CEG"
18,"RPS16","H1975","g2","R2",1.245549,"CEG"
24,"RPS16","H1975","g2","R2",1.400513,"CEG"
30,"RPS16","H1975","g2","R2",1.59826,"CEG"
36,"RPS16","H1975","g2","R2",1.76434,"CEG"
42,"RPS16","H1975","g2","R2",1.86098,"CEG"
48,"RPS16","H1975","g2","R2",2.028127,"CEG"
54,"RPS16","H1975","g2","R2",2.136692,"CEG"
60,"RPS16","H1975","g2","R2",2.202774,"CEG"
66,"RPS16","H1975","g2","R2",2.277811,"CEG"
72,"RPS16","H1975","g2","R2",2.343268,"CEG"
78,"RPS16","H1975","g2","R2",2.430195,"CEG"
84,"RPS16","H1975","g2","R2",2.433289,"CEG"
90,"RPS16","H1975","g2","R2",2.561263,"CEG"
0,"RPS16","H1975","g3","R1",0.4682223,"CEG"
6,"RPS16","H1975","g3","R1",0.7254204,"CEG"
12,"RPS16","H1975","g3","R1",1,"CEG"
18,"RPS16","H1975","g3","R1",1.23949,"CEG"
24,"RPS16","H1975","g3","R1",1.411309,"CEG"
30,"RPS16","H1975","g3","R1",1.6041,"CEG"
36,"RPS16","H1975","g3","R1",1.663011,"CEG"
42,"RPS16","H1975","g3","R1",1.785354,"CEG"
48,"RPS16","H1975","g3","R1",1.829526,"CEG"
54,"RPS16","H1975","g3","R1",1.812163,"CEG"
60,"RPS16","H1975","g3","R1",1.820634,"CEG"
66,"RPS16","H1975","g3","R1",1.757443,"CEG"
72,"RPS16","H1975","g3","R1",1.810485,"CEG"
78,"RPS16","H1975","g3","R1",2.036296,"CEG"
84,"RPS16","H1975","g3","R1",2.138974,"CEG"
90,"RPS16","H1975","g3","R1",2.109609,"CEG"
0,"RPS16","H1975","g3","R2",0.560942,"CEG"
6,"RPS16","H1975","g3","R2",0.7889571,"CEG"
12,"RPS16","H1975","g3","R2",1,"CEG"
18,"RPS16","H1975","g3","R2",1.225688,"CEG"
24,"RPS16","H1975","g3","R2",1.356957,"CEG"
30,"RPS16","H1975","g3","R2",1.414568,"CEG"
36,"RPS16","H1975","g3","R2",1.475698,"CEG"
42,"RPS16","H1975","g3","R2",1.501604,"CEG"
48,"RPS16","H1975","g3","R2",1.624806,"CEG"
54,"RPS16","H1975","g3","R2",1.771248,"CEG"
60,"RPS16","H1975","g3","R2",2.043717,"CEG"
66,"RPS16","H1975","g3","R2",2.072257,"CEG"
72,"RPS16","H1975","g3","R2",2.117581,"CEG"
78,"RPS16","H1975","g3","R2",2.37662,"CEG"
84,"RPS16","H1975","g3","R2",1.757076,"CEG"
90,"RPS16","H1975","g3","R2",1.619606,"CEG"
0,"PPIA.TR2","H1975","g1","R1",0.4883012,"Protein-coding gene"
6,"PPIA.TR2","H1975","g1","R1",0.6746227,"Protein-coding gene"
12,"PPIA.TR2","H1975","g1","R1",1,"Protein-coding gene"
18,"PPIA.TR2","H1975","g1","R1",1.419127,"Protein-coding gene"
24,"PPIA.TR2","H1975","g1","R1",1.788821,"Protein-coding gene"
30,"PPIA.TR2","H1975","g1","R1",2.148724,"Protein-coding gene"
36,"PPIA.TR2","H1975","g1","R1",2.410779,"Protein-coding gene"
42,"PPIA.TR2","H1975","g1","R1",2.587317,"Protein-coding gene"
48,"PPIA.TR2","H1975","g1","R1",2.723229,"Protein-coding gene"
54,"PPIA.TR2","H1975","g1","R1",2.767394,"Protein-coding gene"
60,"PPIA.TR2","H1975","g1","R1",2.862663,"Protein-coding gene"
66,"PPIA.TR2","H1975","g1","R1",2.838557,"Protein-coding gene"
72,"PPIA.TR2","H1975","g1","R1",2.943574,"Protein-coding gene"
78,"PPIA.TR2","H1975","g1","R1",3.048924,"Protein-coding gene"
84,"PPIA.TR2","H1975","g1","R1",3.280128,"Protein-coding gene"
90,"PPIA.TR2","H1975","g1","R1",3.576941,"Protein-coding gene"
0,"PPIA.TR2","H1975","g1","R2",0.5376184,"Protein-coding gene"
6,"PPIA.TR2","H1975","g1","R2",0.7102107,"Protein-coding gene"
12,"PPIA.TR2","H1975","g1","R2",1,"Protein-coding gene"
18,"PPIA.TR2","H1975","g1","R2",1.46758,"Protein-coding gene"
24,"PPIA.TR2","H1975","g1","R2",1.90502,"Protein-coding gene"
30,"PPIA.TR2","H1975","g1","R2",2.374395,"Protein-coding gene"
36,"PPIA.TR2","H1975","g1","R2",2.95842,"Protein-coding gene"
42,"PPIA.TR2","H1975","g1","R2",3.498957,"Protein-coding gene"
48,"PPIA.TR2","H1975","g1","R2",4.215519,"Protein-coding gene"
54,"PPIA.TR2","H1975","g1","R2",4.891898,"Protein-coding gene"
60,"PPIA.TR2","H1975","g1","R2",5.756421,"Protein-coding gene"
66,"PPIA.TR2","H1975","g1","R2",6.693408,"Protein-coding gene"
72,"PPIA.TR2","H1975","g1","R2",7.515167,"Protein-coding gene"
78,"PPIA.TR2","H1975","g1","R2",8.317588,"Protein-coding gene"
84,"PPIA.TR2","H1975","g1","R2",9.27924,"Protein-coding gene"
90,"PPIA.TR2","H1975","g1","R2",10.12634,"Protein-coding gene"
0,"PPIA.TR2","H1975","g2","R1",0.4512913,"Protein-coding gene"
6,"PPIA.TR2","H1975","g2","R1",0.6778225,"Protein-coding gene"
12,"PPIA.TR2","H1975","g2","R1",1,"Protein-coding gene"
18,"PPIA.TR2","H1975","g2","R1",1.320724,"Protein-coding gene"
24,"PPIA.TR2","H1975","g2","R1",1.680133,"Protein-coding gene"
30,"PPIA.TR2","H1975","g2","R1",2.061082,"Protein-coding gene"
36,"PPIA.TR2","H1975","g2","R1",2.575702,"Protein-coding gene"
42,"PPIA.TR2","H1975","g2","R1",3.215042,"Protein-coding gene"
48,"PPIA.TR2","H1975","g2","R1",3.936197,"Protein-coding gene"
54,"PPIA.TR2","H1975","g2","R1",4.83062,"Protein-coding gene"
60,"PPIA.TR2","H1975","g2","R1",5.792475,"Protein-coding gene"
66,"PPIA.TR2","H1975","g2","R1",6.799519,"Protein-coding gene"
72,"PPIA.TR2","H1975","g2","R1",7.790152,"Protein-coding gene"
78,"PPIA.TR2","H1975","g2","R1",8.91177,"Protein-coding gene"
84,"PPIA.TR2","H1975","g2","R1",9.793354,"Protein-coding gene"
90,"PPIA.TR2","H1975","g2","R1",10.70793,"Protein-coding gene"
0,"PPIA.TR2","H1975","g2","R2",0.4556705,"Protein-coding gene"
6,"PPIA.TR2","H1975","g2","R2",0.6917608,"Protein-coding gene"
12,"PPIA.TR2","H1975","g2","R2",1,"Protein-coding gene"
18,"PPIA.TR2","H1975","g2","R2",1.338265,"Protein-coding gene"
24,"PPIA.TR2","H1975","g2","R2",1.731521,"Protein-coding gene"
30,"PPIA.TR2","H1975","g2","R2",2.136515,"Protein-coding gene"
36,"PPIA.TR2","H1975","g2","R2",2.750779,"Protein-coding gene"
42,"PPIA.TR2","H1975","g2","R2",3.47096,"Protein-coding gene"
48,"PPIA.TR2","H1975","g2","R2",4.284412,"Protein-coding gene"
54,"PPIA.TR2","H1975","g2","R2",5.300505,"Protein-coding gene"
60,"PPIA.TR2","H1975","g2","R2",6.209144,"Protein-coding gene"
66,"PPIA.TR2","H1975","g2","R2",7.178748,"Protein-coding gene"
72,"PPIA.TR2","H1975","g2","R2",8.213055,"Protein-coding gene"
78,"PPIA.TR2","H1975","g2","R2",9.197029,"Protein-coding gene"
84,"PPIA.TR2","H1975","g2","R2",10.09484,"Protein-coding gene"
90,"PPIA.TR2","H1975","g2","R2",10.92082,"Protein-coding gene"
0,"PPIA.TR2","H1975","g3","R1",0.490204,"Protein-coding gene"
6,"PPIA.TR2","H1975","g3","R1",0.6794859,"Protein-coding gene"
12,"PPIA.TR2","H1975","g3","R1",1,"Protein-coding gene"
18,"PPIA.TR2","H1975","g3","R1",1.352976,"Protein-coding gene"
24,"PPIA.TR2","H1975","g3","R1",1.709784,"Protein-coding gene"
30,"PPIA.TR2","H1975","g3","R1",1.984353,"Protein-coding gene"
36,"PPIA.TR2","H1975","g3","R1",2.358159,"Protein-coding gene"
42,"PPIA.TR2","H1975","g3","R1",2.942716,"Protein-coding gene"
48,"PPIA.TR2","H1975","g3","R1",3.624656,"Protein-coding gene"
54,"PPIA.TR2","H1975","g3","R1",4.597982,"Protein-coding gene"
60,"PPIA.TR2","H1975","g3","R1",5.579419,"Protein-coding gene"
66,"PPIA.TR2","H1975","g3","R1",6.490034,"Protein-coding gene"
72,"PPIA.TR2","H1975","g3","R1",7.593412,"Protein-coding gene"
78,"PPIA.TR2","H1975","g3","R1",8.791065,"Protein-coding gene"
84,"PPIA.TR2","H1975","g3","R1",9.905449,"Protein-coding gene"
90,"PPIA.TR2","H1975","g3","R1",10.95012,"Protein-coding gene"
0,"PPIA.TR2","H1975","g3","R2",0.4622331,"Protein-coding gene"
6,"PPIA.TR2","H1975","g3","R2",0.6854089,"Protein-coding gene"
12,"PPIA.TR2","H1975","g3","R2",1,"Protein-coding gene"
18,"PPIA.TR2","H1975","g3","R2",1.317673,"Protein-coding gene"
24,"PPIA.TR2","H1975","g3","R2",1.649353,"Protein-coding gene"
30,"PPIA.TR2","H1975","g3","R2",2.044284,"Protein-coding gene"
36,"PPIA.TR2","H1975","g3","R2",2.477816,"Protein-coding gene"
42,"PPIA.TR2","H1975","g3","R2",3.059701,"Protein-coding gene"
48,"PPIA.TR2","H1975","g3","R2",3.739712,"Protein-coding gene"
54,"PPIA.TR2","H1975","g3","R2",4.63969,"Protein-coding gene"
60,"PPIA.TR2","H1975","g3","R2",5.63905,"Protein-coding gene"
66,"PPIA.TR2","H1975","g3","R2",6.634247,"Protein-coding gene"
72,"PPIA.TR2","H1975","g3","R2",7.62962,"Protein-coding gene"
78,"PPIA.TR2","H1975","g3","R2",8.660898,"Protein-coding gene"
84,"PPIA.TR2","H1975","g3","R2",9.667824,"Protein-coding gene"
90,"PPIA.TR2","H1975","g3","R2",10.77297,"Protein-coding gene"
0,"GAPDH","H1975","g1","R1",0.5314805,"CEG"
6,"GAPDH","H1975","g1","R1",0.6883182,"CEG"
12,"GAPDH","H1975","g1","R1",1,"CEG"
18,"GAPDH","H1975","g1","R1",1.242548,"CEG"
24,"GAPDH","H1975","g1","R1",1.459024,"CEG"
30,"GAPDH","H1975","g1","R1",1.632554,"CEG"
36,"GAPDH","H1975","g1","R1",1.883101,"CEG"
42,"GAPDH","H1975","g1","R1",2.059861,"CEG"
48,"GAPDH","H1975","g1","R1",2.356685,"CEG"
54,"GAPDH","H1975","g1","R1",2.76185,"CEG"
60,"GAPDH","H1975","g1","R1",3.189074,"CEG"
66,"GAPDH","H1975","g1","R1",3.733515,"CEG"
72,"GAPDH","H1975","g1","R1",4.205387,"CEG"
78,"GAPDH","H1975","g1","R1",4.569695,"CEG"
84,"GAPDH","H1975","g1","R1",5.032118,"CEG"
90,"GAPDH","H1975","g1","R1",5.506515,"CEG"
0,"GAPDH","H1975","g1","R2",0.4825809,"CEG"
6,"GAPDH","H1975","g1","R2",0.6700336,"CEG"
12,"GAPDH","H1975","g1","R2",1,"CEG"
18,"GAPDH","H1975","g1","R2",1.260026,"CEG"
24,"GAPDH","H1975","g1","R2",1.400269,"CEG"
30,"GAPDH","H1975","g1","R2",1.560533,"CEG"
36,"GAPDH","H1975","g1","R2",1.820153,"CEG"
42,"GAPDH","H1975","g1","R2",1.989555,"CEG"
48,"GAPDH","H1975","g1","R2",2.419586,"CEG"
54,"GAPDH","H1975","g1","R2",2.773738,"CEG"
60,"GAPDH","H1975","g1","R2",3.192206,"CEG"
66,"GAPDH","H1975","g1","R2",3.697881,"CEG"
72,"GAPDH","H1975","g1","R2",4.076613,"CEG"
78,"GAPDH","H1975","g1","R2",4.360456,"CEG"
84,"GAPDH","H1975","g1","R2",4.769383,"CEG"
90,"GAPDH","H1975","g1","R2",5.281227,"CEG"
0,"GAPDH","H1975","g2","R1",0.4345068,"CEG"
6,"GAPDH","H1975","g2","R1",0.6723042,"CEG"
12,"GAPDH","H1975","g2","R1",1,"CEG"
18,"GAPDH","H1975","g2","R1",1.2633,"CEG"
24,"GAPDH","H1975","g2","R1",1.515718,"CEG"
30,"GAPDH","H1975","g2","R1",1.748905,"CEG"
36,"GAPDH","H1975","g2","R1",2.007948,"CEG"
42,"GAPDH","H1975","g2","R1",2.338879,"CEG"
48,"GAPDH","H1975","g2","R1",2.768998,"CEG"
54,"GAPDH","H1975","g2","R1",3.496765,"CEG"
60,"GAPDH","H1975","g2","R1",4.24647,"CEG"
66,"GAPDH","H1975","g2","R1",5.081141,"CEG"
72,"GAPDH","H1975","g2","R1",5.718878,"CEG"
78,"GAPDH","H1975","g2","R1",6.41479,"CEG"
84,"GAPDH","H1975","g2","R1",7.274509,"CEG"
90,"GAPDH","H1975","g2","R1",7.929296,"CEG"
0,"GAPDH","H1975","g2","R2",0.5018579,"CEG"
6,"GAPDH","H1975","g2","R2",0.6913036,"CEG"
12,"GAPDH","H1975","g2","R2",1,"CEG"
18,"GAPDH","H1975","g2","R2",1.293532,"CEG"
24,"GAPDH","H1975","g2","R2",1.548863,"CEG"
30,"GAPDH","H1975","g2","R2",1.83526,"CEG"
36,"GAPDH","H1975","g2","R2",2.117779,"CEG"
42,"GAPDH","H1975","g2","R2",2.585171,"CEG"
48,"GAPDH","H1975","g2","R2",3.09743,"CEG"
54,"GAPDH","H1975","g2","R2",3.777032,"CEG"
60,"GAPDH","H1975","g2","R2",4.452991,"CEG"
66,"GAPDH","H1975","g2","R2",5.261693,"CEG"
72,"GAPDH","H1975","g2","R2",5.830193,"CEG"
78,"GAPDH","H1975","g2","R2",6.430248,"CEG"
84,"GAPDH","H1975","g2","R2",7.195314,"CEG"
90,"GAPDH","H1975","g2","R2",7.82391,"CEG"
0,"GAPDH","H1975","g3","R1",0.5217459,"CEG"
6,"GAPDH","H1975","g3","R1",0.7376211,"CEG"
12,"GAPDH","H1975","g3","R1",1,"CEG"
18,"GAPDH","H1975","g3","R1",1.229252,"CEG"
24,"GAPDH","H1975","g3","R1",1.503595,"CEG"
30,"GAPDH","H1975","g3","R1",1.767369,"CEG"
36,"GAPDH","H1975","g3","R1",1.949114,"CEG"
42,"GAPDH","H1975","g3","R1",2.113492,"CEG"
48,"GAPDH","H1975","g3","R1",2.446153,"CEG"
54,"GAPDH","H1975","g3","R1",2.771645,"CEG"
60,"GAPDH","H1975","g3","R1",3.136971,"CEG"
66,"GAPDH","H1975","g3","R1",3.315739,"CEG"
72,"GAPDH","H1975","g3","R1",3.574494,"CEG"
78,"GAPDH","H1975","g3","R1",3.792691,"CEG"
84,"GAPDH","H1975","g3","R1",4.010521,"CEG"
90,"GAPDH","H1975","g3","R1",4.108738,"CEG"
0,"GAPDH","H1975","g3","R2",0.5123632,"CEG"
6,"GAPDH","H1975","g3","R2",0.7228772,"CEG"
12,"GAPDH","H1975","g3","R2",1,"CEG"
18,"GAPDH","H1975","g3","R2",1.261863,"CEG"
24,"GAPDH","H1975","g3","R2",1.478952,"CEG"
30,"GAPDH","H1975","g3","R2",1.722454,"CEG"
36,"GAPDH","H1975","g3","R2",1.865057,"CEG"
42,"GAPDH","H1975","g3","R2",2.006223,"CEG"
48,"GAPDH","H1975","g3","R2",2.076964,"CEG"
54,"GAPDH","H1975","g3","R2",2.130332,"CEG"
60,"GAPDH","H1975","g3","R2",2.191955,"CEG"
66,"GAPDH","H1975","g3","R2",2.429552,"CEG"
72,"GAPDH","H1975","g3","R2",2.72881,"CEG"
78,"GAPDH","H1975","g3","R2",2.922265,"CEG"
84,"GAPDH","H1975","g3","R2",3.236305,"CEG"
90,"GAPDH","H1975","g3","R2",3.366204,"CEG"
0,"ZFAS1","H1975","g1","R1",0.4198987,"LncRNA"
6,"ZFAS1","H1975","g1","R1",0.6356332,"LncRNA"
12,"ZFAS1","H1975","g1","R1",1,"LncRNA"
18,"ZFAS1","H1975","g1","R1",1.348616,"LncRNA"
24,"ZFAS1","H1975","g1","R1",1.663927,"LncRNA"
30,"ZFAS1","H1975","g1","R1",1.953262,"LncRNA"
36,"ZFAS1","H1975","g1","R1",2.153241,"LncRNA"
42,"ZFAS1","H1975","g1","R1",2.257316,"LncRNA"
48,"ZFAS1","H1975","g1","R1",2.301066,"LncRNA"
54,"ZFAS1","H1975","g1","R1",2.258178,"LncRNA"
60,"ZFAS1","H1975","g1","R1",2.26144,"LncRNA"
66,"ZFAS1","H1975","g1","R1",2.218093,"LncRNA"
72,"ZFAS1","H1975","g1","R1",2.243256,"LncRNA"
78,"ZFAS1","H1975","g1","R1",2.299364,"LncRNA"
84,"ZFAS1","H1975","g1","R1",2.454553,"LncRNA"
90,"ZFAS1","H1975","g1","R1",2.601288,"LncRNA"
0,"ZFAS1","H1975","g1","R2",0.4234411,"LncRNA"
6,"ZFAS1","H1975","g1","R2",0.6446909,"LncRNA"
12,"ZFAS1","H1975","g1","R2",1,"LncRNA"
18,"ZFAS1","H1975","g1","R2",1.33864,"LncRNA"
24,"ZFAS1","H1975","g1","R2",1.652562,"LncRNA"
30,"ZFAS1","H1975","g1","R2",1.939103,"LncRNA"
36,"ZFAS1","H1975","g1","R2",2.253138,"LncRNA"
42,"ZFAS1","H1975","g1","R2",2.534423,"LncRNA"
48,"ZFAS1","H1975","g1","R2",2.901346,"LncRNA"
54,"ZFAS1","H1975","g1","R2",3.360823,"LncRNA"
60,"ZFAS1","H1975","g1","R2",3.811532,"LncRNA"
66,"ZFAS1","H1975","g1","R2",4.316314,"LncRNA"
72,"ZFAS1","H1975","g1","R2",4.683392,"LncRNA"
78,"ZFAS1","H1975","g1","R2",5.152897,"LncRNA"
84,"ZFAS1","H1975","g1","R2",5.557448,"LncRNA"
90,"ZFAS1","H1975","g1","R2",6.029233,"LncRNA"
0,"ZFAS1","H1975","g2","R1",0.4283549,"LncRNA"
6,"ZFAS1","H1975","g2","R1",0.6841041,"LncRNA"
12,"ZFAS1","H1975","g2","R1",1,"LncRNA"
18,"ZFAS1","H1975","g2","R1",1.387554,"LncRNA"
24,"ZFAS1","H1975","g2","R1",1.736516,"LncRNA"
30,"ZFAS1","H1975","g2","R1",2.135216,"LncRNA"
36,"ZFAS1","H1975","g2","R1",2.420754,"LncRNA"
42,"ZFAS1","H1975","g2","R1",2.893197,"LncRNA"
48,"ZFAS1","H1975","g2","R1",3.425061,"LncRNA"
54,"ZFAS1","H1975","g2","R1",4.005645,"LncRNA"
60,"ZFAS1","H1975","g2","R1",4.725131,"LncRNA"
66,"ZFAS1","H1975","g2","R1",5.437648,"LncRNA"
72,"ZFAS1","H1975","g2","R1",6.047622,"LncRNA"
78,"ZFAS1","H1975","g2","R1",6.721395,"LncRNA"
84,"ZFAS1","H1975","g2","R1",7.427588,"LncRNA"
90,"ZFAS1","H1975","g2","R1",8.074322,"LncRNA"
0,"ZFAS1","H1975","g2","R2",0.4690995,"LncRNA"
6,"ZFAS1","H1975","g2","R2",0.6723752,"LncRNA"
12,"ZFAS1","H1975","g2","R2",1,"LncRNA"
18,"ZFAS1","H1975","g2","R2",1.345279,"LncRNA"
24,"ZFAS1","H1975","g2","R2",1.681489,"LncRNA"
30,"ZFAS1","H1975","g2","R2",2.001735,"LncRNA"
36,"ZFAS1","H1975","g2","R2",2.347193,"LncRNA"
42,"ZFAS1","H1975","g2","R2",2.733057,"LncRNA"
48,"ZFAS1","H1975","g2","R2",3.189894,"LncRNA"
54,"ZFAS1","H1975","g2","R2",3.800132,"LncRNA"
60,"ZFAS1","H1975","g2","R2",4.508177,"LncRNA"
66,"ZFAS1","H1975","g2","R2",5.237011,"LncRNA"
72,"ZFAS1","H1975","g2","R2",5.950982,"LncRNA"
78,"ZFAS1","H1975","g2","R2",6.634969,"LncRNA"
84,"ZFAS1","H1975","g2","R2",7.409174,"LncRNA"
90,"ZFAS1","H1975","g2","R2",8.146747,"LncRNA"
0,"ZFAS1","H1975","g3","R1",0.4613624,"LncRNA"
6,"ZFAS1","H1975","g3","R1",0.7016522,"LncRNA"
12,"ZFAS1","H1975","g3","R1",1,"LncRNA"
18,"ZFAS1","H1975","g3","R1",1.269166,"LncRNA"
24,"ZFAS1","H1975","g3","R1",1.535757,"LncRNA"
30,"ZFAS1","H1975","g3","R1",1.725847,"LncRNA"
36,"ZFAS1","H1975","g3","R1",1.921119,"LncRNA"
42,"ZFAS1","H1975","g3","R1",2.185388,"LncRNA"
48,"ZFAS1","H1975","g3","R1",2.483871,"LncRNA"
54,"ZFAS1","H1975","g3","R1",2.866008,"LncRNA"
60,"ZFAS1","H1975","g3","R1",3.346981,"LncRNA"
66,"ZFAS1","H1975","g3","R1",3.78143,"LncRNA"
72,"ZFAS1","H1975","g3","R1",4.11466,"LncRNA"
78,"ZFAS1","H1975","g3","R1",4.507352,"LncRNA"
84,"ZFAS1","H1975","g3","R1",4.830332,"LncRNA"
90,"ZFAS1","H1975","g3","R1",5.187203,"LncRNA"
0,"ZFAS1","H1975","g3","R2",0.4083919,"LncRNA"
6,"ZFAS1","H1975","g3","R2",0.6724477,"LncRNA"
12,"ZFAS1","H1975","g3","R2",1,"LncRNA"
18,"ZFAS1","H1975","g3","R2",1.268594,"LncRNA"
24,"ZFAS1","H1975","g3","R2",1.515739,"LncRNA"
30,"ZFAS1","H1975","g3","R2",1.692936,"LncRNA"
36,"ZFAS1","H1975","g3","R2",1.818742,"LncRNA"
42,"ZFAS1","H1975","g3","R2",1.972348,"LncRNA"
48,"ZFAS1","H1975","g3","R2",2.343535,"LncRNA"
54,"ZFAS1","H1975","g3","R2",2.568962,"LncRNA"
60,"ZFAS1","H1975","g3","R2",3.026312,"LncRNA"
66,"ZFAS1","H1975","g3","R2",3.515103,"LncRNA"
72,"ZFAS1","H1975","g3","R2",3.86817,"LncRNA"
78,"ZFAS1","H1975","g3","R2",4.308705,"LncRNA"
84,"ZFAS1","H1975","g3","R2",4.575721,"LncRNA"
90,"ZFAS1","H1975","g3","R2",5.021466,"LncRNA"
0,"DTX2","H1975","g1","R1",0.4383717,"NEG"
6,"DTX2","H1975","g1","R1",0.7278087,"NEG"
12,"DTX2","H1975","g1","R1",1,"NEG"
18,"DTX2","H1975","g1","R1",1.325525,"NEG"
24,"DTX2","H1975","g1","R1",1.719273,"NEG"
30,"DTX2","H1975","g1","R1",2.15076,"NEG"
36,"DTX2","H1975","g1","R1",2.613765,"NEG"
42,"DTX2","H1975","g1","R1",3.251615,"NEG"
48,"DTX2","H1975","g1","R1",4.18676,"NEG"
54,"DTX2","H1975","g1","R1",5.069508,"NEG"
60,"DTX2","H1975","g1","R1",6.002207,"NEG"
66,"DTX2","H1975","g1","R1",7.148145,"NEG"
72,"DTX2","H1975","g1","R1",8.155714,"NEG"
78,"DTX2","H1975","g1","R1",9.133277,"NEG"
84,"DTX2","H1975","g1","R1",10.07129,"NEG"
90,"DTX2","H1975","g1","R1",10.96078,"NEG"
0,"DTX2","H1975","g1","R2",0.46255,"NEG"
6,"DTX2","H1975","g1","R2",0.7198855,"NEG"
12,"DTX2","H1975","g1","R2",1,"NEG"
18,"DTX2","H1975","g1","R2",1.291652,"NEG"
24,"DTX2","H1975","g1","R2",1.633643,"NEG"
30,"DTX2","H1975","g1","R2",2.038554,"NEG"
36,"DTX2","H1975","g1","R2",2.529735,"NEG"
42,"DTX2","H1975","g1","R2",3.108813,"NEG"
48,"DTX2","H1975","g1","R2",3.897754,"NEG"
54,"DTX2","H1975","g1","R2",4.765058,"NEG"
60,"DTX2","H1975","g1","R2",5.615048,"NEG"
66,"DTX2","H1975","g1","R2",6.733289,"NEG"
72,"DTX2","H1975","g1","R2",7.706016,"NEG"
78,"DTX2","H1975","g1","R2",8.802294,"NEG"
84,"DTX2","H1975","g1","R2",9.825438,"NEG"
90,"DTX2","H1975","g1","R2",10.6595,"NEG"
0,"DTX2","H1975","g2","R1",0.4411824,"NEG"
6,"DTX2","H1975","g2","R1",0.7029979,"NEG"
12,"DTX2","H1975","g2","R1",1,"NEG"
18,"DTX2","H1975","g2","R1",1.242504,"NEG"
24,"DTX2","H1975","g2","R1",1.561334,"NEG"
30,"DTX2","H1975","g2","R1",2.001154,"NEG"
36,"DTX2","H1975","g2","R1",2.510049,"NEG"
42,"DTX2","H1975","g2","R1",3.063015,"NEG"
48,"DTX2","H1975","g2","R1",3.833247,"NEG"
54,"DTX2","H1975","g2","R1",4.786627,"NEG"
60,"DTX2","H1975","g2","R1",5.694823,"NEG"
66,"DTX2","H1975","g2","R1",6.879298,"NEG"
72,"DTX2","H1975","g2","R1",7.837288,"NEG"
78,"DTX2","H1975","g2","R1",9.078496,"NEG"
84,"DTX2","H1975","g2","R1",10.14368,"NEG"
90,"DTX2","H1975","g2","R1",11.13008,"NEG"
0,"DTX2","H1975","g2","R2",0.492785,"NEG"
6,"DTX2","H1975","g2","R2",0.7344301,"NEG"
12,"DTX2","H1975","g2","R2",1,"NEG"
18,"DTX2","H1975","g2","R2",1.315451,"NEG"
24,"DTX2","H1975","g2","R2",1.633532,"NEG"
30,"DTX2","H1975","g2","R2",1.989245,"NEG"
36,"DTX2","H1975","g2","R2",2.44961,"NEG"
42,"DTX2","H1975","g2","R2",3.039982,"NEG"
48,"DTX2","H1975","g2","R2",3.741411,"NEG"
54,"DTX2","H1975","g2","R2",4.6803,"NEG"
60,"DTX2","H1975","g2","R2",5.64296,"NEG"
66,"DTX2","H1975","g2","R2",6.773694,"NEG"
72,"DTX2","H1975","g2","R2",7.911193,"NEG"
78,"DTX2","H1975","g2","R2",8.945623,"NEG"
84,"DTX2","H1975","g2","R2",10.01329,"NEG"
90,"DTX2","H1975","g2","R2",11.0649,"NEG"
0,"DTX2","H1975","g3","R1",0.4494966,"NEG"
6,"DTX2","H1975","g3","R1",0.68813,"NEG"
12,"DTX2","H1975","g3","R1",1,"NEG"
18,"DTX2","H1975","g3","R1",1.285337,"NEG"
24,"DTX2","H1975","g3","R1",1.613004,"NEG"
30,"DTX2","H1975","g3","R1",1.995412,"NEG"
36,"DTX2","H1975","g3","R1",2.470651,"NEG"
42,"DTX2","H1975","g3","R1",3.168148,"NEG"
48,"DTX2","H1975","g3","R1",3.99758,"NEG"
54,"DTX2","H1975","g3","R1",4.866895,"NEG"
60,"DTX2","H1975","g3","R1",5.872674,"NEG"
66,"DTX2","H1975","g3","R1",6.853481,"NEG"
72,"DTX2","H1975","g3","R1",7.804552,"NEG"
78,"DTX2","H1975","g3","R1",8.943031,"NEG"
84,"DTX2","H1975","g3","R1",9.75783,"NEG"
90,"DTX2","H1975","g3","R1",10.612,"NEG"
0,"DTX2","H1975","g3","R2",0.4558194,"NEG"
6,"DTX2","H1975","g3","R2",0.6979183,"NEG"
12,"DTX2","H1975","g3","R2",1,"NEG"
18,"DTX2","H1975","g3","R2",1.328302,"NEG"
24,"DTX2","H1975","g3","R2",1.674145,"NEG"
30,"DTX2","H1975","g3","R2",2.026031,"NEG"
36,"DTX2","H1975","g3","R2",2.327484,"NEG"
42,"DTX2","H1975","g3","R2",2.573293,"NEG"
48,"DTX2","H1975","g3","R2",2.755373,"NEG"
54,"DTX2","H1975","g3","R2",2.762793,"NEG"
60,"DTX2","H1975","g3","R2",2.778292,"NEG"
66,"DTX2","H1975","g3","R2",2.787912,"NEG"
72,"DTX2","H1975","g3","R2",2.672828,"NEG"
78,"DTX2","H1975","g3","R2",2.583951,"NEG"
84,"DTX2","H1975","g3","R2",2.56874,"NEG"
90,"DTX2","H1975","g3","R2",2.592344,"NEG"
0,"SNHG6.TR1","H1975","g1","R1",0.4991126,"LncRNA"
6,"SNHG6.TR1","H1975","g1","R1",0.7353654,"LncRNA"
12,"SNHG6.TR1","H1975","g1","R1",1,"LncRNA"
18,"SNHG6.TR1","H1975","g1","R1",1.264858,"LncRNA"
24,"SNHG6.TR1","H1975","g1","R1",1.548368,"LncRNA"
30,"SNHG6.TR1","H1975","g1","R1",1.747533,"LncRNA"
36,"SNHG6.TR1","H1975","g1","R1",1.883403,"LncRNA"
42,"SNHG6.TR1","H1975","g1","R1",2.034223,"LncRNA"
48,"SNHG6.TR1","H1975","g1","R1",2.042158,"LncRNA"
54,"SNHG6.TR1","H1975","g1","R1",2.053706,"LncRNA"
60,"SNHG6.TR1","H1975","g1","R1",1.998457,"LncRNA"
66,"SNHG6.TR1","H1975","g1","R1",2.01464,"LncRNA"
72,"SNHG6.TR1","H1975","g1","R1",2.046233,"LncRNA"
78,"SNHG6.TR1","H1975","g1","R1",2.168564,"LncRNA"
84,"SNHG6.TR1","H1975","g1","R1",2.262839,"LncRNA"
90,"SNHG6.TR1","H1975","g1","R1",2.537203,"LncRNA"
0,"SNHG6.TR1","H1975","g1","R2",0.4737432,"LncRNA"
6,"SNHG6.TR1","H1975","g1","R2",0.6912075,"LncRNA"
12,"SNHG6.TR1","H1975","g1","R2",1,"LncRNA"
18,"SNHG6.TR1","H1975","g1","R2",1.239442,"LncRNA"
24,"SNHG6.TR1","H1975","g1","R2",1.53179,"LncRNA"
30,"SNHG6.TR1","H1975","g1","R2",1.718638,"LncRNA"
36,"SNHG6.TR1","H1975","g1","R2",1.873485,"LncRNA"
42,"SNHG6.TR1","H1975","g1","R2",2.049163,"LncRNA"
48,"SNHG6.TR1","H1975","g1","R2",2.294913,"LncRNA"
54,"SNHG6.TR1","H1975","g1","R2",2.544935,"LncRNA"
60,"SNHG6.TR1","H1975","g1","R2",2.890225,"LncRNA"
66,"SNHG6.TR1","H1975","g1","R2",3.152572,"LncRNA"
72,"SNHG6.TR1","H1975","g1","R2",3.464618,"LncRNA"
78,"SNHG6.TR1","H1975","g1","R2",3.785572,"LncRNA"
84,"SNHG6.TR1","H1975","g1","R2",4.131657,"LncRNA"
90,"SNHG6.TR1","H1975","g1","R2",4.501966,"LncRNA"
0,"SNHG6.TR1","H1975","g2","R1",0.4414783,"LncRNA"
6,"SNHG6.TR1","H1975","g2","R1",0.6910932,"LncRNA"
12,"SNHG6.TR1","H1975","g2","R1",1,"LncRNA"
18,"SNHG6.TR1","H1975","g2","R1",1.278653,"LncRNA"
24,"SNHG6.TR1","H1975","g2","R1",1.455997,"LncRNA"
30,"SNHG6.TR1","H1975","g2","R1",1.591357,"LncRNA"
36,"SNHG6.TR1","H1975","g2","R1",1.706122,"LncRNA"
42,"SNHG6.TR1","H1975","g2","R1",1.847493,"LncRNA"
48,"SNHG6.TR1","H1975","g2","R1",2.040928,"LncRNA"
54,"SNHG6.TR1","H1975","g2","R1",2.320358,"LncRNA"
60,"SNHG6.TR1","H1975","g2","R1",2.607527,"LncRNA"
66,"SNHG6.TR1","H1975","g2","R1",2.867876,"LncRNA"
72,"SNHG6.TR1","H1975","g2","R1",3.150975,"LncRNA"
78,"SNHG6.TR1","H1975","g2","R1",3.330206,"LncRNA"
84,"SNHG6.TR1","H1975","g2","R1",3.507667,"LncRNA"
90,"SNHG6.TR1","H1975","g2","R1",3.763199,"LncRNA"
0,"SNHG6.TR1","H1975","g2","R2",0.4581457,"LncRNA"
6,"SNHG6.TR1","H1975","g2","R2",0.7001724,"LncRNA"
12,"SNHG6.TR1","H1975","g2","R2",1,"LncRNA"
18,"SNHG6.TR1","H1975","g2","R2",1.276424,"LncRNA"
24,"SNHG6.TR1","H1975","g2","R2",1.422407,"LncRNA"
30,"SNHG6.TR1","H1975","g2","R2",1.574949,"LncRNA"
36,"SNHG6.TR1","H1975","g2","R2",1.682839,"LncRNA"
42,"SNHG6.TR1","H1975","g2","R2",1.707984,"LncRNA"
48,"SNHG6.TR1","H1975","g2","R2",1.892483,"LncRNA"
54,"SNHG6.TR1","H1975","g2","R2",1.993885,"LncRNA"
60,"SNHG6.TR1","H1975","g2","R2",2.225549,"LncRNA"
66,"SNHG6.TR1","H1975","g2","R2",2.524663,"LncRNA"
72,"SNHG6.TR1","H1975","g2","R2",2.7841,"LncRNA"
78,"SNHG6.TR1","H1975","g2","R2",3.003989,"LncRNA"
84,"SNHG6.TR1","H1975","g2","R2",3.285296,"LncRNA"
90,"SNHG6.TR1","H1975","g2","R2",3.486475,"LncRNA"
0,"SNHG6.TR1","H1975","g3","R1",0.4216738,"LncRNA"
6,"SNHG6.TR1","H1975","g3","R1",0.6262406,"LncRNA"
12,"SNHG6.TR1","H1975","g3","R1",1,"LncRNA"
18,"SNHG6.TR1","H1975","g3","R1",1.419842,"LncRNA"
24,"SNHG6.TR1","H1975","g3","R1",1.80741,"LncRNA"
30,"SNHG6.TR1","H1975","g3","R1",2.229469,"LncRNA"
36,"SNHG6.TR1","H1975","g3","R1",2.576628,"LncRNA"
42,"SNHG6.TR1","H1975","g3","R1",3.17672,"LncRNA"
48,"SNHG6.TR1","H1975","g3","R1",3.800301,"LncRNA"
54,"SNHG6.TR1","H1975","g3","R1",4.568651,"LncRNA"
60,"SNHG6.TR1","H1975","g3","R1",5.338524,"LncRNA"
66,"SNHG6.TR1","H1975","g3","R1",6.216362,"LncRNA"
72,"SNHG6.TR1","H1975","g3","R1",7.148195,"LncRNA"
78,"SNHG6.TR1","H1975","g3","R1",8.10242,"LncRNA"
84,"SNHG6.TR1","H1975","g3","R1",9.085169,"LncRNA"
90,"SNHG6.TR1","H1975","g3","R1",10.0542,"LncRNA"
0,"SNHG6.TR1","H1975","g3","R2",0.4901465,"LncRNA"
6,"SNHG6.TR1","H1975","g3","R2",0.6751137,"LncRNA"
12,"SNHG6.TR1","H1975","g3","R2",1,"LncRNA"
18,"SNHG6.TR1","H1975","g3","R2",1.376121,"LncRNA"
24,"SNHG6.TR1","H1975","g3","R2",1.699419,"LncRNA"
30,"SNHG6.TR1","H1975","g3","R2",2.087095,"LncRNA"
36,"SNHG6.TR1","H1975","g3","R2",2.449005,"LncRNA"
42,"SNHG6.TR1","H1975","g3","R2",2.930347,"LncRNA"
48,"SNHG6.TR1","H1975","g3","R2",3.696538,"LncRNA"
54,"SNHG6.TR1","H1975","g3","R2",4.443651,"LncRNA"
60,"SNHG6.TR1","H1975","g3","R2",5.272339,"LncRNA"
66,"SNHG6.TR1","H1975","g3","R2",6.120535,"LncRNA"
72,"SNHG6.TR1","H1975","g3","R2",7.107947,"LncRNA"
78,"SNHG6.TR1","H1975","g3","R2",8.055593,"LncRNA"
84,"SNHG6.TR1","H1975","g3","R2",8.978026,"LncRNA"
90,"SNHG6.TR1","H1975","g3","R2",9.835234,"LncRNA"
0,"KRT86","H1975","g1","R1",0.4173912,"NEG"
6,"KRT86","H1975","g1","R1",0.6599088,"NEG"
12,"KRT86","H1975","g1","R1",1,"NEG"
18,"KRT86","H1975","g1","R1",1.478722,"NEG"
24,"KRT86","H1975","g1","R1",1.981051,"NEG"
30,"KRT86","H1975","g1","R1",2.456599,"NEG"
36,"KRT86","H1975","g1","R1",3.093824,"NEG"
42,"KRT86","H1975","g1","R1",3.884931,"NEG"
48,"KRT86","H1975","g1","R1",4.765165,"NEG"
54,"KRT86","H1975","g1","R1",5.843295,"NEG"
60,"KRT86","H1975","g1","R1",7.004743,"NEG"
66,"KRT86","H1975","g1","R1",8.131271,"NEG"
72,"KRT86","H1975","g1","R1",9.421201,"NEG"
78,"KRT86","H1975","g1","R1",10.55513,"NEG"
84,"KRT86","H1975","g1","R1",11.62396,"NEG"
90,"KRT86","H1975","g1","R1",12.65025,"NEG"
0,"KRT86","H1975","g1","R2",0.5179338,"NEG"
6,"KRT86","H1975","g1","R2",0.7168204,"NEG"
12,"KRT86","H1975","g1","R2",1,"NEG"
18,"KRT86","H1975","g1","R2",1.40972,"NEG"
24,"KRT86","H1975","g1","R2",1.855558,"NEG"
30,"KRT86","H1975","g1","R2",2.365357,"NEG"
36,"KRT86","H1975","g1","R2",2.799794,"NEG"
42,"KRT86","H1975","g1","R2",3.348372,"NEG"
48,"KRT86","H1975","g1","R2",4.134742,"NEG"
54,"KRT86","H1975","g1","R2",5.146362,"NEG"
60,"KRT86","H1975","g1","R2",6.403922,"NEG"
66,"KRT86","H1975","g1","R2",7.84362,"NEG"
72,"KRT86","H1975","g1","R2",9.327105,"NEG"
78,"KRT86","H1975","g1","R2",10.97196,"NEG"
84,"KRT86","H1975","g1","R2",12.71877,"NEG"
90,"KRT86","H1975","g1","R2",14.60744,"NEG"
0,"KRT86","H1975","g2","R1",0.644851,"NEG"
6,"KRT86","H1975","g2","R1",0.7508947,"NEG"
12,"KRT86","H1975","g2","R1",1,"NEG"
18,"KRT86","H1975","g2","R1",1.47491,"NEG"
24,"KRT86","H1975","g2","R1",1.893234,"NEG"
30,"KRT86","H1975","g2","R1",2.447876,"NEG"
36,"KRT86","H1975","g2","R1",3.035298,"NEG"
42,"KRT86","H1975","g2","R1",3.816383,"NEG"
48,"KRT86","H1975","g2","R1",4.664637,"NEG"
54,"KRT86","H1975","g2","R1",5.782161,"NEG"
60,"KRT86","H1975","g2","R1",7.02693,"NEG"
66,"KRT86","H1975","g2","R1",8.393503,"NEG"
72,"KRT86","H1975","g2","R1",10.10571,"NEG"
78,"KRT86","H1975","g2","R1",11.84631,"NEG"
84,"KRT86","H1975","g2","R1",13.6546,"NEG"
90,"KRT86","H1975","g2","R1",15.71057,"NEG"
0,"KRT86","H1975","g2","R2",0.6235918,"NEG"
6,"KRT86","H1975","g2","R2",0.7162915,"NEG"
12,"KRT86","H1975","g2","R2",1,"NEG"
18,"KRT86","H1975","g2","R2",1.348797,"NEG"
24,"KRT86","H1975","g2","R2",1.843567,"NEG"
30,"KRT86","H1975","g2","R2",2.337589,"NEG"
36,"KRT86","H1975","g2","R2",2.87468,"NEG"
42,"KRT86","H1975","g2","R2",3.475454,"NEG"
48,"KRT86","H1975","g2","R2",4.309523,"NEG"
54,"KRT86","H1975","g2","R2",5.25745,"NEG"
60,"KRT86","H1975","g2","R2",6.414373,"NEG"
66,"KRT86","H1975","g2","R2",7.691638,"NEG"
72,"KRT86","H1975","g2","R2",9.187747,"NEG"
78,"KRT86","H1975","g2","R2",10.64096,"NEG"
84,"KRT86","H1975","g2","R2",12.16499,"NEG"
90,"KRT86","H1975","g2","R2",13.95629,"NEG"
0,"KRT86","H1975","g3","R1",0.5427558,"NEG"
6,"KRT86","H1975","g3","R1",0.7468401,"NEG"
12,"KRT86","H1975","g3","R1",1,"NEG"
18,"KRT86","H1975","g3","R1",1.384811,"NEG"
24,"KRT86","H1975","g3","R1",1.854087,"NEG"
30,"KRT86","H1975","g3","R1",2.314996,"NEG"
36,"KRT86","H1975","g3","R1",2.94878,"NEG"
42,"KRT86","H1975","g3","R1",3.590808,"NEG"
48,"KRT86","H1975","g3","R1",4.32957,"NEG"
54,"KRT86","H1975","g3","R1",5.110607,"NEG"
60,"KRT86","H1975","g3","R1",6.105264,"NEG"
66,"KRT86","H1975","g3","R1",7.170162,"NEG"
72,"KRT86","H1975","g3","R1",8.214914,"NEG"
78,"KRT86","H1975","g3","R1",9.189724,"NEG"
84,"KRT86","H1975","g3","R1",10.24262,"NEG"
90,"KRT86","H1975","g3","R1",11.162,"NEG"
0,"KRT86","H1975","g3","R2",0.549224,"NEG"
6,"KRT86","H1975","g3","R2",0.6850553,"NEG"
12,"KRT86","H1975","g3","R2",1,"NEG"
18,"KRT86","H1975","g3","R2",1.378858,"NEG"
24,"KRT86","H1975","g3","R2",1.727508,"NEG"
30,"KRT86","H1975","g3","R2",2.12603,"NEG"
36,"KRT86","H1975","g3","R2",2.501674,"NEG"
42,"KRT86","H1975","g3","R2",2.760749,"NEG"
48,"KRT86","H1975","g3","R2",2.861765,"NEG"
54,"KRT86","H1975","g3","R2",2.976806,"NEG"
60,"KRT86","H1975","g3","R2",3.040213,"NEG"
66,"KRT86","H1975","g3","R2",3.083712,"NEG"
72,"KRT86","H1975","g3","R2",3.121772,"NEG"
78,"KRT86","H1975","g3","R2",3.247821,"NEG"
84,"KRT86","H1975","g3","R2",3.531084,"NEG"
90,"KRT86","H1975","g3","R2",3.597858,"NEG"
0,"SNHG6.TR2","H1975","g1","R1",0.4371092,"LncRNA"
6,"SNHG6.TR2","H1975","g1","R1",0.6199023,"LncRNA"
12,"SNHG6.TR2","H1975","g1","R1",1,"LncRNA"
18,"SNHG6.TR2","H1975","g1","R1",1.379019,"LncRNA"
24,"SNHG6.TR2","H1975","g1","R1",1.842442,"LncRNA"
30,"SNHG6.TR2","H1975","g1","R1",2.323396,"LncRNA"
36,"SNHG6.TR2","H1975","g1","R1",2.687682,"LncRNA"
42,"SNHG6.TR2","H1975","g1","R1",2.995552,"LncRNA"
48,"SNHG6.TR2","H1975","g1","R1",3.1708,"LncRNA"
54,"SNHG6.TR2","H1975","g1","R1",3.297016,"LncRNA"
60,"SNHG6.TR2","H1975","g1","R1",3.399182,"LncRNA"
66,"SNHG6.TR2","H1975","g1","R1",3.41949,"LncRNA"
72,"SNHG6.TR2","H1975","g1","R1",3.585552,"LncRNA"
78,"SNHG6.TR2","H1975","g1","R1",3.609818,"LncRNA"
84,"SNHG6.TR2","H1975","g1","R1",3.795547,"LncRNA"
90,"SNHG6.TR2","H1975","g1","R1",3.945892,"LncRNA"
0,"SNHG6.TR2","H1975","g1","R2",0.402567,"LncRNA"
6,"SNHG6.TR2","H1975","g1","R2",0.6481383,"LncRNA"
12,"SNHG6.TR2","H1975","g1","R2",1,"LncRNA"
18,"SNHG6.TR2","H1975","g1","R2",1.40838,"LncRNA"
24,"SNHG6.TR2","H1975","g1","R2",1.828994,"LncRNA"
30,"SNHG6.TR2","H1975","g1","R2",2.265417,"LncRNA"
36,"SNHG6.TR2","H1975","g1","R2",2.819997,"LncRNA"
42,"SNHG6.TR2","H1975","g1","R2",3.585696,"LncRNA"
48,"SNHG6.TR2","H1975","g1","R2",4.557094,"LncRNA"
54,"SNHG6.TR2","H1975","g1","R2",5.515931,"LncRNA"
60,"SNHG6.TR2","H1975","g1","R2",6.555382,"LncRNA"
66,"SNHG6.TR2","H1975","g1","R2",7.782162,"LncRNA"
72,"SNHG6.TR2","H1975","g1","R2",8.94093,"LncRNA"
78,"SNHG6.TR2","H1975","g1","R2",10.01699,"LncRNA"
84,"SNHG6.TR2","H1975","g1","R2",11.3227,"LncRNA"
90,"SNHG6.TR2","H1975","g1","R2",12.48195,"LncRNA"
0,"NTControl2","H1975","g2","R1",0.4723635,"NTControl2"
6,"NTControl2","H1975","g2","R1",0.7237324,"NTControl2"
12,"NTControl2","H1975","g2","R1",1,"NTControl2"
18,"NTControl2","H1975","g2","R1",1.430449,"NTControl2"
24,"NTControl2","H1975","g2","R1",1.828178,"NTControl2"
30,"NTControl2","H1975","g2","R1",2.278313,"NTControl2"
36,"NTControl2","H1975","g2","R1",2.685644,"NTControl2"
42,"NTControl2","H1975","g2","R1",3.248823,"NTControl2"
48,"NTControl2","H1975","g2","R1",3.95931,"NTControl2"
54,"NTControl2","H1975","g2","R1",4.7954,"NTControl2"
60,"NTControl2","H1975","g2","R1",5.666095,"NTControl2"
66,"NTControl2","H1975","g2","R1",6.759259,"NTControl2"
72,"NTControl2","H1975","g2","R1",8.011604,"NTControl2"
78,"NTControl2","H1975","g2","R1",9.198403,"NTControl2"
84,"NTControl2","H1975","g2","R1",10.67558,"NTControl2"
90,"NTControl2","H1975","g2","R1",11.83081,"NTControl2"
0,"NTControl2","H1975","g2","R2",0.4362891,"NTControl2"
6,"NTControl2","H1975","g2","R2",0.6531712,"NTControl2"
12,"NTControl2","H1975","g2","R2",1,"NTControl2"
18,"NTControl2","H1975","g2","R2",1.398696,"NTControl2"
24,"NTControl2","H1975","g2","R2",1.797459,"NTControl2"
30,"NTControl2","H1975","g2","R2",2.231004,"NTControl2"
36,"NTControl2","H1975","g2","R2",2.724816,"NTControl2"
42,"NTControl2","H1975","g2","R2",3.346249,"NTControl2"
48,"NTControl2","H1975","g2","R2",4.151631,"NTControl2"
54,"NTControl2","H1975","g2","R2",5.06391,"NTControl2"
60,"NTControl2","H1975","g2","R2",6.036343,"NTControl2"
66,"NTControl2","H1975","g2","R2",7.226037,"NTControl2"
72,"NTControl2","H1975","g2","R2",8.356197,"NTControl2"
78,"NTControl2","H1975","g2","R2",9.552304,"NTControl2"
84,"NTControl2","H1975","g2","R2",10.65759,"NTControl2"
90,"NTControl2","H1975","g2","R2",11.90817,"NTControl2"
0,"SNHG15","H1975","g1","R1",0.4954127,"LncRNA"
6,"SNHG15","H1975","g1","R1",0.6473314,"LncRNA"
12,"SNHG15","H1975","g1","R1",1,"LncRNA"
18,"SNHG15","H1975","g1","R1",1.382805,"LncRNA"
24,"SNHG15","H1975","g1","R1",1.768097,"LncRNA"
30,"SNHG15","H1975","g1","R1",2.248683,"LncRNA"
36,"SNHG15","H1975","g1","R1",2.702557,"LncRNA"
42,"SNHG15","H1975","g1","R1",3.047962,"LncRNA"
48,"SNHG15","H1975","g1","R1",3.3161,"LncRNA"
54,"SNHG15","H1975","g1","R1",3.43241,"LncRNA"
60,"SNHG15","H1975","g1","R1",3.590078,"LncRNA"
66,"SNHG15","H1975","g1","R1",3.664735,"LncRNA"
72,"SNHG15","H1975","g1","R1",3.726353,"LncRNA"
78,"SNHG15","H1975","g1","R1",3.902242,"LncRNA"
84,"SNHG15","H1975","g1","R1",3.948057,"LncRNA"
90,"SNHG15","H1975","g1","R1",4.048557,"LncRNA"
0,"SNHG15","H1975","g1","R2",0.4855705,"LncRNA"
6,"SNHG15","H1975","g1","R2",0.6917083,"LncRNA"
12,"SNHG15","H1975","g1","R2",1,"LncRNA"
18,"SNHG15","H1975","g1","R2",1.375446,"LncRNA"
24,"SNHG15","H1975","g1","R2",1.714539,"LncRNA"
30,"SNHG15","H1975","g1","R2",2.159706,"LncRNA"
36,"SNHG15","H1975","g1","R2",2.640984,"LncRNA"
42,"SNHG15","H1975","g1","R2",3.317704,"LncRNA"
48,"SNHG15","H1975","g1","R2",4.153015,"LncRNA"
54,"SNHG15","H1975","g1","R2",5.043293,"LncRNA"
60,"SNHG15","H1975","g1","R2",5.946726,"LncRNA"
66,"SNHG15","H1975","g1","R2",7.007113,"LncRNA"
72,"SNHG15","H1975","g1","R2",8.136652,"LncRNA"
78,"SNHG15","H1975","g1","R2",9.334087,"LncRNA"
84,"SNHG15","H1975","g1","R2",10.48139,"LncRNA"
90,"SNHG15","H1975","g1","R2",11.69941,"LncRNA"
0,"SNHG15","H1975","g2","R1",0.473132,"LncRNA"
6,"SNHG15","H1975","g2","R1",0.6293512,"LncRNA"
12,"SNHG15","H1975","g2","R1",1,"LncRNA"
18,"SNHG15","H1975","g2","R1",1.346129,"LncRNA"
24,"SNHG15","H1975","g2","R1",1.810662,"LncRNA"
30,"SNHG15","H1975","g2","R1",2.311076,"LncRNA"
36,"SNHG15","H1975","g2","R1",2.588665,"LncRNA"
42,"SNHG15","H1975","g2","R1",3.109419,"LncRNA"
48,"SNHG15","H1975","g2","R1",3.559669,"LncRNA"
54,"SNHG15","H1975","g2","R1",4.253662,"LncRNA"
60,"SNHG15","H1975","g2","R1",5.011731,"LncRNA"
66,"SNHG15","H1975","g2","R1",5.776772,"LncRNA"
72,"SNHG15","H1975","g2","R1",6.647762,"LncRNA"
78,"SNHG15","H1975","g2","R1",7.349148,"LncRNA"
84,"SNHG15","H1975","g2","R1",8.229095,"LncRNA"
90,"SNHG15","H1975","g2","R1",9.235858,"LncRNA"
0,"SNHG15","H1975","g2","R2",0.8671553,"LncRNA"
6,"SNHG15","H1975","g2","R2",0.7281294,"LncRNA"
12,"SNHG15","H1975","g2","R2",1,"LncRNA"
18,"SNHG15","H1975","g2","R2",1.184709,"LncRNA"
24,"SNHG15","H1975","g2","R2",1.48165,"LncRNA"
30,"SNHG15","H1975","g2","R2",1.750931,"LncRNA"
36,"SNHG15","H1975","g2","R2",2.150236,"LncRNA"
42,"SNHG15","H1975","g2","R2",2.70236,"LncRNA"
48,"SNHG15","H1975","g2","R2",3.384821,"LncRNA"
54,"SNHG15","H1975","g2","R2",4.300308,"LncRNA"
60,"SNHG15","H1975","g2","R2",5.2495,"LncRNA"
66,"SNHG15","H1975","g2","R2",6.010865,"LncRNA"
72,"SNHG15","H1975","g2","R2",7.072464,"LncRNA"
78,"SNHG15","H1975","g2","R2",8.378981,"LncRNA"
84,"SNHG15","H1975","g2","R2",9.717419,"LncRNA"
90,"SNHG15","H1975","g2","R2",10.75733,"LncRNA"
0,"SNHG15","H1975","g3","R1",0.5121954,"LncRNA"
6,"SNHG15","H1975","g3","R1",0.7349038,"LncRNA"
12,"SNHG15","H1975","g3","R1",1,"LncRNA"
18,"SNHG15","H1975","g3","R1",1.169019,"LncRNA"
24,"SNHG15","H1975","g3","R1",1.305402,"LncRNA"
30,"SNHG15","H1975","g3","R1",1.372448,"LncRNA"
36,"SNHG15","H1975","g3","R1",1.369929,"LncRNA"
42,"SNHG15","H1975","g3","R1",1.39257,"LncRNA"
48,"SNHG15","H1975","g3","R1",1.451259,"LncRNA"
54,"SNHG15","H1975","g3","R1",1.506205,"LncRNA"
60,"SNHG15","H1975","g3","R1",1.5904,"LncRNA"
66,"SNHG15","H1975","g3","R1",1.638667,"LncRNA"
72,"SNHG15","H1975","g3","R1",1.650559,"LncRNA"
78,"SNHG15","H1975","g3","R1",1.736482,"LncRNA"
84,"SNHG15","H1975","g3","R1",1.750998,"LncRNA"
90,"SNHG15","H1975","g3","R1",1.836937,"LncRNA"
0,"SNHG15","H1975","g3","R2",0.5731095,"LncRNA"
6,"SNHG15","H1975","g3","R2",0.7440997,"LncRNA"
12,"SNHG15","H1975","g3","R2",1,"LncRNA"
18,"SNHG15","H1975","g3","R2",1.139227,"LncRNA"
24,"SNHG15","H1975","g3","R2",1.265342,"LncRNA"
30,"SNHG15","H1975","g3","R2",1.318704,"LncRNA"
36,"SNHG15","H1975","g3","R2",1.344237,"LncRNA"
42,"SNHG15","H1975","g3","R2",1.448219,"LncRNA"
48,"SNHG15","H1975","g3","R2",1.480176,"LncRNA"
54,"SNHG15","H1975","g3","R2",1.520458,"LncRNA"
60,"SNHG15","H1975","g3","R2",1.560945,"LncRNA"
66,"SNHG15","H1975","g3","R2",1.646433,"LncRNA"
72,"SNHG15","H1975","g3","R2",1.681304,"LncRNA"
78,"SNHG15","H1975","g3","R2",1.766917,"LncRNA"
84,"SNHG15","H1975","g3","R2",1.857283,"LncRNA"
90,"SNHG15","H1975","g3","R2",1.902994,"LncRNA"
0,"GAS5","H1975","g1","R1",0.4988278,"LncRNA"
6,"GAS5","H1975","g1","R1",0.7053618,"LncRNA"
12,"GAS5","H1975","g1","R1",1,"LncRNA"
18,"GAS5","H1975","g1","R1",1.217425,"LncRNA"
24,"GAS5","H1975","g1","R1",1.415061,"LncRNA"
30,"GAS5","H1975","g1","R1",1.542889,"LncRNA"
36,"GAS5","H1975","g1","R1",1.617083,"LncRNA"
42,"GAS5","H1975","g1","R1",1.691764,"LncRNA"
48,"GAS5","H1975","g1","R1",1.716735,"LncRNA"
54,"GAS5","H1975","g1","R1",1.725679,"LncRNA"
60,"GAS5","H1975","g1","R1",1.748787,"LncRNA"
66,"GAS5","H1975","g1","R1",1.739767,"LncRNA"
72,"GAS5","H1975","g1","R1",1.828356,"LncRNA"
78,"GAS5","H1975","g1","R1",1.892603,"LncRNA"
84,"GAS5","H1975","g1","R1",2.005189,"LncRNA"
90,"GAS5","H1975","g1","R1",2.254484,"LncRNA"
0,"GAS5","H1975","g1","R2",0.5700335,"LncRNA"
6,"GAS5","H1975","g1","R2",0.7773679,"LncRNA"
12,"GAS5","H1975","g1","R2",1,"LncRNA"
18,"GAS5","H1975","g1","R2",1.218892,"LncRNA"
24,"GAS5","H1975","g1","R2",1.405214,"LncRNA"
30,"GAS5","H1975","g1","R2",1.587296,"LncRNA"
36,"GAS5","H1975","g1","R2",1.705882,"LncRNA"
42,"GAS5","H1975","g1","R2",1.752917,"LncRNA"
48,"GAS5","H1975","g1","R2",1.849355,"LncRNA"
54,"GAS5","H1975","g1","R2",1.938886,"LncRNA"
60,"GAS5","H1975","g1","R2",2.013599,"LncRNA"
66,"GAS5","H1975","g1","R2",1.991067,"LncRNA"
72,"GAS5","H1975","g1","R2",2.118789,"LncRNA"
78,"GAS5","H1975","g1","R2",2.127638,"LncRNA"
84,"GAS5","H1975","g1","R2",2.158394,"LncRNA"
90,"GAS5","H1975","g1","R2",2.185937,"LncRNA"
0,"GAS5","H1975","g2","R1",0.4715788,"LncRNA"
6,"GAS5","H1975","g2","R1",0.7075428,"LncRNA"
12,"GAS5","H1975","g2","R1",1,"LncRNA"
18,"GAS5","H1975","g2","R1",1.475168,"LncRNA"
24,"GAS5","H1975","g2","R1",1.863687,"LncRNA"
30,"GAS5","H1975","g2","R1",2.324431,"LncRNA"
36,"GAS5","H1975","g2","R1",2.739925,"LncRNA"
42,"GAS5","H1975","g2","R1",3.179985,"LncRNA"
48,"GAS5","H1975","g2","R1",3.603033,"LncRNA"
54,"GAS5","H1975","g2","R1",4.356452,"LncRNA"
60,"GAS5","H1975","g2","R1",5.055263,"LncRNA"
66,"GAS5","H1975","g2","R1",5.718164,"LncRNA"
72,"GAS5","H1975","g2","R1",6.277012,"LncRNA"
78,"GAS5","H1975","g2","R1",6.951329,"LncRNA"
84,"GAS5","H1975","g2","R1",7.650503,"LncRNA"
90,"GAS5","H1975","g2","R1",8.394653,"LncRNA"
0,"GAS5","H1975","g2","R2",0.4883574,"LncRNA"
6,"GAS5","H1975","g2","R2",0.7430184,"LncRNA"
12,"GAS5","H1975","g2","R2",1,"LncRNA"
18,"GAS5","H1975","g2","R2",1.397541,"LncRNA"
24,"GAS5","H1975","g2","R2",1.771541,"LncRNA"
30,"GAS5","H1975","g2","R2",2.223658,"LncRNA"
36,"GAS5","H1975","g2","R2",2.513938,"LncRNA"
42,"GAS5","H1975","g2","R2",2.904022,"LncRNA"
48,"GAS5","H1975","g2","R2",3.418629,"LncRNA"
54,"GAS5","H1975","g2","R2",3.933751,"LncRNA"
60,"GAS5","H1975","g2","R2",4.502525,"LncRNA"
66,"GAS5","H1975","g2","R2",5.213955,"LncRNA"
72,"GAS5","H1975","g2","R2",5.808667,"LncRNA"
78,"GAS5","H1975","g2","R2",6.447176,"LncRNA"
84,"GAS5","H1975","g2","R2",6.990027,"LncRNA"
90,"GAS5","H1975","g2","R2",7.674136,"LncRNA"
0,"GAS5","H1975","g3","R1",0.4766818,"LncRNA"
6,"GAS5","H1975","g3","R1",0.6617305,"LncRNA"
12,"GAS5","H1975","g3","R1",1,"LncRNA"
18,"GAS5","H1975","g3","R1",1.349802,"LncRNA"
24,"GAS5","H1975","g3","R1",1.647304,"LncRNA"
30,"GAS5","H1975","g3","R1",1.832661,"LncRNA"
36,"GAS5","H1975","g3","R1",1.943214,"LncRNA"
42,"GAS5","H1975","g3","R1",2.143765,"LncRNA"
48,"GAS5","H1975","g3","R1",2.294225,"LncRNA"
54,"GAS5","H1975","g3","R1",2.613277,"LncRNA"
60,"GAS5","H1975","g3","R1",2.797985,"LncRNA"
66,"GAS5","H1975","g3","R1",3.077678,"LncRNA"
72,"GAS5","H1975","g3","R1",3.300811,"LncRNA"
78,"GAS5","H1975","g3","R1",3.481189,"LncRNA"
84,"GAS5","H1975","g3","R1",3.762883,"LncRNA"
90,"GAS5","H1975","g3","R1",4.019982,"LncRNA"
0,"GAS5","H1975","g3","R2",0.5368347,"LncRNA"
6,"GAS5","H1975","g3","R2",0.6961483,"LncRNA"
12,"GAS5","H1975","g3","R2",1,"LncRNA"
18,"GAS5","H1975","g3","R2",1.258275,"LncRNA"
24,"GAS5","H1975","g3","R2",1.564304,"LncRNA"
30,"GAS5","H1975","g3","R2",1.774336,"LncRNA"
36,"GAS5","H1975","g3","R2",2.056917,"LncRNA"
42,"GAS5","H1975","g3","R2",2.296548,"LncRNA"
48,"GAS5","H1975","g3","R2",2.574096,"LncRNA"
54,"GAS5","H1975","g3","R2",2.856374,"LncRNA"
60,"GAS5","H1975","g3","R2",3.057938,"LncRNA"
66,"GAS5","H1975","g3","R2",3.37569,"LncRNA"
72,"GAS5","H1975","g3","R2",3.614897,"LncRNA"
78,"GAS5","H1975","g3","R2",3.918977,"LncRNA"
84,"GAS5","H1975","g3","R2",4.100767,"LncRNA"
90,"GAS5","H1975","g3","R2",4.443493,"LncRNA"
0,"LINCPINT","H1975","g1","R1",0.4871664,"LncRNA"
6,"LINCPINT","H1975","g1","R1",0.7303939,"LncRNA"
12,"LINCPINT","H1975","g1","R1",1,"LncRNA"
18,"LINCPINT","H1975","g1","R1",1.283689,"LncRNA"
24,"LINCPINT","H1975","g1","R1",1.47903,"LncRNA"
30,"LINCPINT","H1975","g1","R1",1.699871,"LncRNA"
36,"LINCPINT","H1975","g1","R1",1.857881,"LncRNA"
42,"LINCPINT","H1975","g1","R1",1.84494,"LncRNA"
48,"LINCPINT","H1975","g1","R1",1.900406,"LncRNA"
54,"LINCPINT","H1975","g1","R1",1.90973,"LncRNA"
60,"LINCPINT","H1975","g1","R1",1.855732,"LncRNA"
66,"LINCPINT","H1975","g1","R1",1.935264,"LncRNA"
72,"LINCPINT","H1975","g1","R1",2.008292,"LncRNA"
78,"LINCPINT","H1975","g1","R1",2.11102,"LncRNA"
84,"LINCPINT","H1975","g1","R1",2.341203,"LncRNA"
90,"LINCPINT","H1975","g1","R1",2.487977,"LncRNA"
0,"LINCPINT","H1975","g1","R2",0.5083875,"LncRNA"
6,"LINCPINT","H1975","g1","R2",0.7155603,"LncRNA"
12,"LINCPINT","H1975","g1","R2",1,"LncRNA"
18,"LINCPINT","H1975","g1","R2",1.284692,"LncRNA"
24,"LINCPINT","H1975","g1","R2",1.467913,"LncRNA"
30,"LINCPINT","H1975","g1","R2",1.663096,"LncRNA"
36,"LINCPINT","H1975","g1","R2",1.846569,"LncRNA"
42,"LINCPINT","H1975","g1","R2",1.999174,"LncRNA"
48,"LINCPINT","H1975","g1","R2",2.122502,"LncRNA"
54,"LINCPINT","H1975","g1","R2",2.206015,"LncRNA"
60,"LINCPINT","H1975","g1","R2",2.217815,"LncRNA"
66,"LINCPINT","H1975","g1","R2",2.271488,"LncRNA"
72,"LINCPINT","H1975","g1","R2",2.327993,"LncRNA"
78,"LINCPINT","H1975","g1","R2",2.31238,"LncRNA"
84,"LINCPINT","H1975","g1","R2",2.378522,"LncRNA"
90,"LINCPINT","H1975","g1","R2",2.40837,"LncRNA"
0,"LINCPINT","H1975","g2","R1",0.4264644,"LncRNA"
6,"LINCPINT","H1975","g2","R1",0.6944453,"LncRNA"
12,"LINCPINT","H1975","g2","R1",1,"LncRNA"
18,"LINCPINT","H1975","g2","R1",1.429206,"LncRNA"
24,"LINCPINT","H1975","g2","R1",1.913885,"LncRNA"
30,"LINCPINT","H1975","g2","R1",2.386895,"LncRNA"
36,"LINCPINT","H1975","g2","R1",2.838576,"LncRNA"
42,"LINCPINT","H1975","g2","R1",3.314126,"LncRNA"
48,"LINCPINT","H1975","g2","R1",3.926785,"LncRNA"
54,"LINCPINT","H1975","g2","R1",4.392267,"LncRNA"
60,"LINCPINT","H1975","g2","R1",4.883352,"LncRNA"
66,"LINCPINT","H1975","g2","R1",5.326064,"LncRNA"
72,"LINCPINT","H1975","g2","R1",5.806348,"LncRNA"
78,"LINCPINT","H1975","g2","R1",6.216848,"LncRNA"
84,"LINCPINT","H1975","g2","R1",6.507027,"LncRNA"
90,"LINCPINT","H1975","g2","R1",6.76009,"LncRNA"
0,"LINCPINT","H1975","g2","R2",0.5650179,"LncRNA"
6,"LINCPINT","H1975","g2","R2",0.7044953,"LncRNA"
12,"LINCPINT","H1975","g2","R2",1,"LncRNA"
18,"LINCPINT","H1975","g2","R2",1.352436,"LncRNA"
24,"LINCPINT","H1975","g2","R2",1.746658,"LncRNA"
30,"LINCPINT","H1975","g2","R2",2.279745,"LncRNA"
36,"LINCPINT","H1975","g2","R2",2.865643,"LncRNA"
42,"LINCPINT","H1975","g2","R2",3.343332,"LncRNA"
48,"LINCPINT","H1975","g2","R2",3.796971,"LncRNA"
54,"LINCPINT","H1975","g2","R2",4.340399,"LncRNA"
60,"LINCPINT","H1975","g2","R2",4.821163,"LncRNA"
66,"LINCPINT","H1975","g2","R2",5.371943,"LncRNA"
72,"LINCPINT","H1975","g2","R2",5.751002,"LncRNA"
78,"LINCPINT","H1975","g2","R2",6.278117,"LncRNA"
84,"LINCPINT","H1975","g2","R2",6.753987,"LncRNA"
90,"LINCPINT","H1975","g2","R2",6.971687,"LncRNA"
0,"LINCPINT","H1975","g3","R1",0.488932,"LncRNA"
6,"LINCPINT","H1975","g3","R1",0.7386963,"LncRNA"
12,"LINCPINT","H1975","g3","R1",1,"LncRNA"
18,"LINCPINT","H1975","g3","R1",1.255388,"LncRNA"
24,"LINCPINT","H1975","g3","R1",1.509748,"LncRNA"
30,"LINCPINT","H1975","g3","R1",1.706838,"LncRNA"
36,"LINCPINT","H1975","g3","R1",1.941678,"LncRNA"
42,"LINCPINT","H1975","g3","R1",2.195718,"LncRNA"
48,"LINCPINT","H1975","g3","R1",2.521243,"LncRNA"
54,"LINCPINT","H1975","g3","R1",2.733268,"LncRNA"
60,"LINCPINT","H1975","g3","R1",2.944924,"LncRNA"
66,"LINCPINT","H1975","g3","R1",3.10906,"LncRNA"
72,"LINCPINT","H1975","g3","R1",3.232648,"LncRNA"
78,"LINCPINT","H1975","g3","R1",3.356263,"LncRNA"
84,"LINCPINT","H1975","g3","R1",3.35783,"LncRNA"
90,"LINCPINT","H1975","g3","R1",3.482402,"LncRNA"
0,"LINCPINT","H1975","g3","R2",0.4528772,"LncRNA"
6,"LINCPINT","H1975","g3","R2",0.707932,"LncRNA"
12,"LINCPINT","H1975","g3","R2",1,"LncRNA"
18,"LINCPINT","H1975","g3","R2",1.260009,"LncRNA"
24,"LINCPINT","H1975","g3","R2",1.486622,"LncRNA"
30,"LINCPINT","H1975","g3","R2",1.73264,"LncRNA"
36,"LINCPINT","H1975","g3","R2",1.989945,"LncRNA"
42,"LINCPINT","H1975","g3","R2",2.205783,"LncRNA"
48,"LINCPINT","H1975","g3","R2",2.491387,"LncRNA"
54,"LINCPINT","H1975","g3","R2",2.71156,"LncRNA"
60,"LINCPINT","H1975","g3","R2",2.906405,"LncRNA"
66,"LINCPINT","H1975","g3","R2",3.060716,"LncRNA"
72,"LINCPINT","H1975","g3","R2",3.21936,"LncRNA"
78,"LINCPINT","H1975","g3","R2",3.328505,"LncRNA"
84,"LINCPINT","H1975","g3","R2",3.463756,"LncRNA"
90,"LINCPINT","H1975","g3","R2",3.48488,"LncRNA"
